,Feature,Coefficient,Abs_Coefficient,Category,Normalized_Importance
0,Intercept,396.4268239309188,396.4268239309188,Other,1.0
1,intc__atr_7,-47.67778685371095,47.67778685371095,Technical,0.12026882131976838
2,msft__adx_21,0.818232977169348,0.818232977169348,Other,0.0020640202119923475
3,msft__rsi_7,0.6797645931298677,0.6797645931298677,Technical,0.0017147290548843468
4,amzn__adx_14,-0.2188018902916647,0.2188018902916647,Other,0.0005519351292176764
5,intc__obv_10,9.778373955880339e-08,9.778373955880339e-08,Technical,2.466627726882658e-10
